categoryId:ID,code,icdVersion,title,:LABEL
icd_413_v9,413,9,Angina decubitus,ICD_Category
icd_V70_v9,V70,9,"General psychiatric examination, other and unspecified",ICD_Category
icd_414_v9,414,9,Coronary atherosclerosis of nonautologous biological bypass graft,ICD_Category
icd_389_v9,389,9,Central hearing loss,ICD_Category
icd_V85_v9,V85,9,"Body Mass Index less than 19, adult",ICD_Category
icd_250_v9,250,9,"Diabetes with ketoacidosis, type II or unspecified type, not stated as uncontrolled",ICD_Category
icd_716_v9,716,9,"Traumatic arthropathy, shoulder region",ICD_Category
icd_V10_v9,V10,9,Personal history of malignant neoplasm of epididymis,ICD_Category
icd_272_v9,272,9,Lipodystrophy,ICD_Category
icd_V58_v9,V58,9,Long-term (current) use of other medications,ICD_Category
icd_278_v9,278,9,Localized adiposity,ICD_Category
icd_482_v9,482,9,Pneumonia due to anaerobes,ICD_Category
icd_995_v9,995,9,Anaphylactic reaction due to eggs,ICD_Category
icd_276_v9,276,9,Hyperpotassemia,ICD_Category
icd_038_v9,038,9,Unspecified septicemia,ICD_Category
icd_787_v9,787,9,Other dysphagia,ICD_Category
icd_560_v9,560,9,Other specified intestinal obstruction,ICD_Category
icd_287_v9,287,9,Qualitative platelet defects,ICD_Category
icd_600_v9,600,9,Hypertrophy (benign) of prostate with urinary obstruction and other lower urinary tract symptoms (LUTS),ICD_Category
icd_790_v9,790,9,Nonspecific elevation of levels of transaminase or lactic acid dehydrogenase [LDH],ICD_Category
icd_511_v9,511,9,Pleurisy without mention of effusion or current tuberculosis,ICD_Category
icd_285_v9,285,9,"Anemia, unspecified",ICD_Category
icd_584_v9,584,9,Acute kidney failure with lesion of renal cortical necrosis,ICD_Category
icd_788_v9,788,9,Incomplete bladder emptying,ICD_Category
icd_424_v9,424,9,Endocarditis in diseases classified elsewhere,ICD_Category
icd_V45_v9,V45,9,"Acquired absence of organ, other parts of urinary tract",ICD_Category
icd_512_v9,512,9,Other air leak,ICD_Category
icd_998_v9,998,9,"Postoperative shock, cardiogenic",ICD_Category
icd_338_v9,338,9,Acute post-thoracotomy pain,ICD_Category
icd_E87_v9,E87,9,"Accidental cut, puncture, perforation or hemorrhage during injection or vaccination",ICD_Category
icd_V12_v9,V12,9,"Personal history of endocrine, metabolic, and immunity disorders",ICD_Category
icd_041_v9,041,9,Other and unspecified Escherichia coli [E. coli],ICD_Category
icd_E84_v9,E84,9,Accident to powered aircraft at takeoff or landing injuring other occupant of commercial aircraft (powered) in surface to surface transport,ICD_Category
icd_510_v9,510,9,Empyema without mention of fistula,ICD_Category
icd_682_v9,682,9,"Cellulitis and abscess of leg, except foot",ICD_Category
icd_346_v9,346,9,"Variants of migraine, not elsewhere classified, without mention of intractable migraine without mention of status migrainosus",ICD_Category
icd_V15_v9,V15,9,History of extracorporeal membrane oxygenation (ECMO),ICD_Category
icd_291_v9,291,9,Alcohol withdrawal,ICD_Category
icd_852_v9,852,9,"Subarachnoid hemorrhage following injury without mention of open intracranial wound, with prolonged [more than 24 hours] loss of consciousness and return to pre-existing conscious level",ICD_Category
icd_530_v9,530,9,Esophageal leukoplakia,ICD_Category
icd_E81_v9,E81,9,Motor vehicle traffic accident involving collision with pedestrian injuring passenger in motor vehicle other than motorcycle,ICD_Category
icd_274_v9,274,9,Other gouty nephropathy,ICD_Category
icd_401_v9,401,9,Malignant essential hypertension,ICD_Category
icd_303_v9,303,9,"Acute alcoholic intoxication in alcoholism, in remission",ICD_Category
icd_805_v9,805,9,Closed fracture of sixth cervical vertebra,ICD_Category
icd_V16_v9,V16,9,Family history of malignant neoplasm of other respiratory and intrathoracic organs,ICD_Category
icd_348_v9,348,9,Anoxic brain damage,ICD_Category
icd_324_v9,324,9,Intracranial abscess,ICD_Category
icd_340_v9,340,9,Multiple sclerosis,ICD_Category
icd_518_v9,518,9,Acute and chronic respiratory failure,ICD_Category
icd_305_v9,305,9,"Sedative, hypnotic or anxiolytic abuse, in remission",ICD_Category
icd_D69_v10,D69,10,Purpura and other hemorrhagic conditions,ICD_Category
icd_S03_v10,S03,10,Dislocation and sprain of joints and ligaments of head,ICD_Category
icd_S25_v10,S25,10,Injury of blood vessels of thorax,ICD_Category
icd_D64_v10,D64,10,Other anemias,ICD_Category
icd_F10_v10,F10,10,Alcohol related disorders,ICD_Category
icd_S02_v10,S02,10,Fracture of skull and facial bones,ICD_Category
icd_Y04_v10,Y04,10,Assault by bodily force,ICD_Category
icd_S36_v10,S36,10,Injury of intra-abdominal organs,ICD_Category
icd_V87_v9,V87,9,Personal history of inhaled steroid therapy,ICD_Category
icd_203_v9,203,9,"Multiple myeloma, without mention of having achieved remission",ICD_Category
icd_427_v9,427,9,Ventricular fibrillation,ICD_Category
icd_362_v9,362,9,Diabetic macular edema,ICD_Category
icd_I48_v10,I48,10,Atrial fibrillation and flutter,ICD_Category
icd_I95_v10,I95,10,Hypotension,ICD_Category
icd_Y83_v10,Y83,10,"Surgical operation and other surgical procedures as the cause of abnormal reaction of the patient, or of later complication, without mention of misadventure at the time of the procedure",ICD_Category
icd_K51_v10,K51,10,Ulcerative colitis,ICD_Category
icd_E11_v10,E11,10,Type 2 diabetes mellitus,ICD_Category
icd_E78_v10,E78,10,Disorders of lipoprotein metabolism and other lipidemias,ICD_Category
icd_J81_v10,J81,10,Pulmonary edema,ICD_Category
icd_I25_v10,I25,10,Chronic ischemic heart disease,ICD_Category
icd_R09_v10,R09,10,Other symptoms and signs involving the circulatory and respiratory system,ICD_Category
icd_G47_v10,G47,10,Sleep disorders,ICD_Category
icd_D62_v10,D62,10,Acute posthemorrhagic anemia,ICD_Category
icd_Z93_v10,Z93,10,Artificial opening status,ICD_Category
icd_Y92_v10,Y92,10,Place of occurrence of the external cause,ICD_Category
icd_I97_v10,I97,10,"Intraoperative and postprocedural complications and disorders of circulatory system, not elsewhere classified",ICD_Category
icd_724_v9,724,9,Lumbago,ICD_Category
icd_E88_v9,E88,9,Accidental fall from ladder,ICD_Category
icd_696_v9,696,9,Psoriatic arthropathy,ICD_Category
icd_812_v9,812,9,Open fracture of surgical neck of humerus,ICD_Category
icd_345_v9,345,9,"Localization-related (focal) (partial) epilepsy and epileptic syndromes with simple partial seizures, without mention of intractable epilepsy",ICD_Category
icd_585_v9,585,9,"Chronic kidney disease, Stage V",ICD_Category
icd_784_v9,784,9,"Voice and resonance disorder, unspecified",ICD_Category
icd_V43_v9,V43,9,Knee joint replacement,ICD_Category
icd_781_v9,781,9,Lack of coordination,ICD_Category
icd_403_v9,403,9,"Hypertensive chronic kidney disease, benign, with chronic kidney disease stage I through stage IV, or unspecified",ICD_Category
icd_V17_v9,V17,9,Family history of stroke (cerebrovascular),ICD_Category
icd_535_v9,535,9,"Gastric mucosal hypertrophy, with hemorrhage",ICD_Category
icd_212_v9,212,9,Benign neoplasm of larynx,ICD_Category
icd_455_v9,455,9,Unspecified thrombosed hemorrhoids,ICD_Category
icd_562_v9,562,9,Diverticulosis of colon (without mention of hemorrhage),ICD_Category
icd_G40_v10,G40,10,Epilepsy and recurrent seizures,ICD_Category
icd_Z85_v10,Z85,10,Personal history of malignant neoplasm,ICD_Category
icd_D18_v10,D18,10,"Hemangioma and lymphangioma, any site",ICD_Category
icd_807_v9,807,9,Open fracture of sternum,ICD_Category
icd_860_v9,860,9,Traumatic hemothorax with open wound into thorax,ICD_Category
icd_493_v9,493,9,"Extrinsic asthma, unspecified",ICD_Category
icd_996_v9,996,9,Complications of transplanted heart,ICD_Category
icd_901_v9,901,9,Injury to superior vena cava,ICD_Category
icd_Z96_v10,Z96,10,Presence of other functional implants,ICD_Category
icd_Z68_v10,Z68,10,Body mass index [BMI],ICD_Category
icd_I67_v10,I67,10,Other cerebrovascular diseases,ICD_Category
icd_M17_v10,M17,10,Osteoarthritis of knee,ICD_Category
icd_K22_v10,K22,10,Other diseases of esophagus,ICD_Category
icd_E66_v10,E66,10,Overweight and obesity,ICD_Category
icd_I10_v10,I10,10,Essential (primary) hypertension,ICD_Category
icd_Z79_v10,Z79,10,Long term (current) drug therapy,ICD_Category
icd_458_v9,458,9,Hypotension of hemodialysis,ICD_Category
icd_540_v9,540,9,Acute appendicitis without mention of peritonitis,ICD_Category
icd_244_v9,244,9,Iodine hypothyroidism,ICD_Category
icd_851_v9,851,9,"Cortex (cerebral) contusion without mention of open intracranial wound, with brief [less than one hour] loss of consciousness",ICD_Category
icd_507_v9,507,9,Pneumonitis due to other solids and liquids,ICD_Category
icd_112_v9,112,9,Candidiasis of unspecified site,ICD_Category
icd_331_v9,331,9,Senile degeneration of brain,ICD_Category
icd_294_v9,294,9,"Dementia, unspecified, with behavioral disturbance",ICD_Category
icd_715_v9,715,9,"Osteoarthrosis, localized, primary, hand",ICD_Category
icd_799_v9,799,9,Irritability,ICD_Category
icd_263_v9,263,9,Malnutrition of moderate degree,ICD_Category
icd_438_v9,438,9,"Late effects of cerebrovascular disease, other speech and language deficits",ICD_Category
icd_486_v9,486,9,"Pneumonia, organism unspecified",ICD_Category
icd_443_v9,443,9,Peripheral angiopathy in diseases classified elsewhere,ICD_Category
icd_311_v9,311,9,"Depressive disorder, not elsewhere classified",ICD_Category
icd_783_v9,783,9,Abnormal weight gain,ICD_Category
icd_281_v9,281,9,Other vitamin B12 deficiency anemia,ICD_Category
icd_599_v9,599,9,Urethral diverticulum,ICD_Category
icd_V64_v9,V64,9,Surgical or other procedure not carried out because of contraindication,ICD_Category
icd_425_v9,425,9,Nutritional and metabolic cardiomyopathy,ICD_Category
icd_356_v9,356,9,Idiopathic progressive polyneuropathy,ICD_Category
icd_997_v9,997,9,Vascular complications of renal artery,ICD_Category
icd_E86_v10,E86,10,Volume depletion,ICD_Category
icd_J98_v10,J98,10,Other respiratory disorders,ICD_Category
icd_N17_v10,N17,10,Acute kidney failure,ICD_Category
icd_L93_v10,L93,10,Lupus erythematosus,ICD_Category
icd_R00_v10,R00,10,Abnormalities of heart beat,ICD_Category
icd_Z87_v10,Z87,10,Personal history of other diseases and conditions,ICD_Category
icd_E87_v10,E87,10,"Other disorders of fluid, electrolyte and acid-base balance",ICD_Category
icd_I30_v10,I30,10,Acute pericarditis,ICD_Category
icd_J90_v10,J90,10,"Pleural effusion, not elsewhere classified",ICD_Category
icd_Z86_v10,Z86,10,Personal history of certain other diseases,ICD_Category
icd_Z82_v10,Z82,10,Family history of certain disabilities and chronic diseases (leading to disablement),ICD_Category
icd_K21_v10,K21,10,Gastro-esophageal reflux disease,ICD_Category
icd_I82_v10,I82,10,Other venous embolism and thrombosis,ICD_Category
icd_Z91_v10,Z91,10,"Personal risk factors, not elsewhere classified",ICD_Category
icd_I27_v10,I27,10,Other pulmonary heart diseases,ICD_Category
icd_Z95_v10,Z95,10,Presence of cardiac and vascular implants and grafts,ICD_Category
icd_R14_v10,R14,10,Flatulence and related conditions,ICD_Category
icd_I50_v10,I50,10,Heart failure,ICD_Category
icd_I47_v10,I47,10,Paroxysmal tachycardia,ICD_Category
icd_I26_v10,I26,10,Pulmonary embolism,ICD_Category
icd_C90_v10,C90,10,Multiple myeloma and malignant plasma cell neoplasms,ICD_Category
icd_D47_v10,D47,10,"Other neoplasms of uncertain behavior of lymphoid, hematopoietic and related tissue",ICD_Category
icd_456_v9,456,9,Varices of other sites,ICD_Category
icd_571_v9,571,9,Biliary cirrhosis,ICD_Category
icd_410_v9,410,9,"True posterior wall infarction, initial episode of care",ICD_Category
icd_572_v9,572,9,Portal pyemia,ICD_Category
icd_286_v9,286,9,Congenital factor XI deficiency,ICD_Category
icd_459_v9,459,9,Chronic venous hypertension with ulcer,ICD_Category
icd_789_v9,789,9,Splenomegaly,ICD_Category
icd_780_v9,780,9,Transient alteration of awareness,ICD_Category
icd_008_v9,008,9,Intestinal infection due to enteropathogenic E. coli,ICD_Category
icd_786_v9,786,9,Wheezing,ICD_Category
icd_785_v9,785,9,Other abnormal heart sounds,ICD_Category
icd_802_v9,802,9,"Closed fracture of mandible, condylar process",ICD_Category
icd_E96_v9,E96,9,Assault by cutting and piercing instrument,ICD_Category
icd_F17_v10,F17,10,Nicotine dependence,ICD_Category
icd_F41_v10,F41,10,Other anxiety disorders,ICD_Category
icd_441_v9,441,9,"Thoracoabdominal aneurysm, ruptured",ICD_Category
icd_564_v9,564,9,Other constipation,ICD_Category
icd_V13_v9,V13,9,Personal history of other specified urinary system disorders,ICD_Category
icd_477_v9,477,9,Allergic rhinitis due to pollen,ICD_Category
icd_423_v9,423,9,Hemopericardium,ICD_Category
icd_411_v9,411,9,Acute coronary occlusion without myocardial infarction,ICD_Category
icd_729_v9,729,9,"Hypertrophy of fat pad, knee",ICD_Category
icd_618_v9,618,9,Prolapse of vaginal vault after hysterectomy,ICD_Category
icd_E93_v9,E93,9,Erythromycin and other macrolides causing adverse effects in therapeutic use,ICD_Category
icd_314_v9,314,9,Unspecified hyperkinetic syndrome,ICD_Category
icd_333_v9,333,9,Restless legs syndrome (RLS),ICD_Category
icd_300_v9,300,9,Social phobia,ICD_Category
icd_457_v9,457,9,Other noninfectious disorders of lymphatic channels,ICD_Category
icd_444_v9,444,9,Saddle embolus of abdominal aorta,ICD_Category
icd_196_v9,196,9,Secondary and unspecified malignant neoplasm of intrathoracic lymph nodes,ICD_Category
icd_532_v9,532,9,"Chronic duodenal ulcer without mention of hemorrhage or perforation, without mention of obstruction",ICD_Category
icd_553_v9,553,9,"Ventral, unspecified, hernia without mention of obstruction or gangrene",ICD_Category
icd_288_v9,288,9,Other neutropenia,ICD_Category
icd_531_v9,531,9,"Chronic or unspecified gastric ulcer with perforation, with obstruction",ICD_Category
icd_J45_v10,J45,10,Asthma,ICD_Category
icd_I21_v10,I21,10,Acute myocardial infarction,ICD_Category
icd_Z23_v10,Z23,10,Encounter for immunization,ICD_Category
icd_I71_v10,I71,10,Aortic aneurysm and dissection,ICD_Category
icd_150_v9,150,9,Malignant neoplasm of upper third of esophagus,ICD_Category
icd_720_v9,720,9,Other inflammatory spondylopathies,ICD_Category
icd_429_v9,429,9,Acquired cardiac septal defect,ICD_Category
icd_526_v9,526,9,Unspecified disease of the jaws,ICD_Category
icd_431_v9,431,9,Intracerebral hemorrhage,ICD_Category
icd_V49_v9,V49,9,Foot amputation status,ICD_Category
icd_239_v9,239,9,"Neoplasm of unspecified nature, site unspecified",ICD_Category
icd_737_v9,737,9,Lordosis associated with other conditions,ICD_Category
icd_756_v9,756,9,Chondrodystrophy,ICD_Category
icd_162_v9,162,9,"Malignant neoplasm of lower lobe, bronchus or lung",ICD_Category
icd_J44_v10,J44,10,Other chronic obstructive pulmonary disease,ICD_Category
icd_R65_v10,R65,10,Symptoms and signs specifically associated with systemic inflammation and infection,ICD_Category
icd_E03_v10,E03,10,Other hypothyroidism,ICD_Category
icd_J18_v10,J18,10,"Pneumonia, unspecified organism",ICD_Category
icd_K64_v10,K64,10,Hemorrhoids and perianal venous thrombosis,ICD_Category
icd_Z66_v10,Z66,10,Do not resuscitate,ICD_Category
icd_A41_v10,A41,10,Other sepsis,ICD_Category
icd_426_v9,426,9,First degree atrioventricular block,ICD_Category
icd_I87_v10,I87,10,Other disorders of veins,ICD_Category
icd_V11_v9,V11,9,Personal history of other mental disorders,ICD_Category
icd_335_v9,335,9,Werdnig-Hoffmann disease,ICD_Category
icd_253_v9,253,9,Other disorders of neurohypophysis,ICD_Category
icd_136_v9,136,9,Specific infection due to acanthamoeba,ICD_Category
icd_225_v9,225,9,Benign neoplasm of cranial nerves,ICD_Category
icd_821_v9,821,9,"Open fracture of condyle, femoral",ICD_Category
icd_F39_v10,F39,10,Unspecified mood [affective] disorder,ICD_Category
icd_Z59_v10,Z59,10,Problems related to housing and economic circumstances,ICD_Category
icd_719_v9,719,9,"Villonodular synovitis, site unspecified",ICD_Category
icd_451_v9,451,9,Phlebitis and thrombophlebitis of deep veins of upper extremities,ICD_Category
icd_I60_v10,I60,10,Nontraumatic subarachnoid hemorrhage,ICD_Category
icd_R62_v10,R62,10,Lack of expected normal physiological development in childhood and adults,ICD_Category
icd_B95_v10,B95,10,"Streptococcus, Staphylococcus, and Enterococcus as the cause of diseases classified elsewhere",ICD_Category
icd_K66_v10,K66,10,Other disorders of peritoneum,ICD_Category
icd_K72_v10,K72,10,"Hepatic failure, not elsewhere classified",ICD_Category
icd_Y84_v10,Y84,10,"Other medical procedures as the cause of abnormal reaction of the patient, or of later complication, without mention of misadventure at the time of the procedure",ICD_Category
icd_K75_v10,K75,10,Other inflammatory liver diseases,ICD_Category
icd_R57_v10,R57,10,"Shock, not elsewhere classified",ICD_Category
icd_J96_v10,J96,10,"Respiratory failure, not elsewhere classified",ICD_Category
icd_T80_v10,T80,10,"Complications following infusion, transfusion and therapeutic injection",ICD_Category
icd_R18_v10,R18,10,Ascites,ICD_Category
icd_D63_v10,D63,10,Anemia in chronic diseases classified elsewhere,ICD_Category
icd_E43_v10,E43,10,Unspecified severe protein-calorie malnutrition,ICD_Category
icd_K65_v10,K65,10,Peritonitis,ICD_Category
icd_N39_v10,N39,10,Other disorders of urinary system,ICD_Category
icd_K76_v10,K76,10,Other diseases of liver,ICD_Category
icd_I12_v10,I12,10,Hypertensive chronic kidney disease,ICD_Category
icd_K74_v10,K74,10,Fibrosis and cirrhosis of liver,ICD_Category
icd_D68_v10,D68,10,Other coagulation defects,ICD_Category
icd_J95_v10,J95,10,"Intraoperative and postprocedural complications and disorders of respiratory system, not elsewhere classified",ICD_Category
icd_T81_v10,T81,10,"Complications of procedures, not elsewhere classified",ICD_Category
icd_K56_v10,K56,10,Paralytic ileus and intestinal obstruction without hernia,ICD_Category
icd_B96_v10,B96,10,Other bacterial agents as the cause of diseases classified elsewhere,ICD_Category
icd_N18_v10,N18,10,Chronic kidney disease (CKD),ICD_Category
icd_575_v9,575,9,Acute cholecystitis,ICD_Category
icd_156_v9,156,9,Malignant neoplasm of gallbladder,ICD_Category
icd_197_v9,197,9,Secondary malignant neoplasm of mediastinum,ICD_Category
icd_751_v9,751,9,Meckel's diverticulum,ICD_Category
icd_570_v9,570,9,Acute and subacute necrosis of liver,ICD_Category
icd_299_v9,299,9,"Other specified pervasive developmental disorders, residual state",ICD_Category
icd_583_v9,583,9,"Nephritis and nephropathy, not specified as acute or chronic, with lesion of rapidly progressive glomerulonephritis",ICD_Category
icd_576_v9,576,9,Spasm of sphincter of Oddi,ICD_Category
icd_428_v9,428,9,"Combined systolic and diastolic heart failure, unspecified",ICD_Category
icd_593_v9,593,9,Nephroptosis,ICD_Category
icd_293_v9,293,9,Psychotic disorder with delusions in conditions classified elsewhere,ICD_Category
icd_908_v9,908,9,Late effect of internal injury to chest,ICD_Category
icd_070_v9,070,9,Viral hepatitis A without mention of hepatic coma,ICD_Category
icd_309_v9,309,9,Adjustment reaction with physical symptoms,ICD_Category
icd_E92_v9,E92,9,Excessive physical exertion,ICD_Category
icd_415_v9,415,9,Iatrogenic pulmonary embolism and infarction,ICD_Category
icd_496_v9,496,9,"Chronic airway obstruction, not elsewhere classified",ICD_Category
icd_491_v9,491,9,Simple chronic bronchitis,ICD_Category
icd_J94_v10,J94,10,Other pleural conditions,ICD_Category
icd_G93_v10,G93,10,Other disorders of brain,ICD_Category
icd_R47_v10,R47,10,"Speech disturbances, not elsewhere classified",ICD_Category
icd_R07_v10,R07,10,Pain in throat and chest,ICD_Category
icd_W18_v10,W18,10,"Other slipping, tripping and stumbling and falls",ICD_Category
icd_M48_v10,M48,10,Other spondylopathies,ICD_Category
icd_S22_v10,S22,10,"Fracture of rib(s), sternum and thoracic spine",ICD_Category
icd_R55_v10,R55,10,Syncope and collapse,ICD_Category
icd_569_v9,569,9,Mechanical complication of colostomy and enterostomy,ICD_Category
icd_567_v9,567,9,Choleperitonitis,ICD_Category
icd_557_v9,557,9,Chronic vascular insufficiency of intestine,ICD_Category
icd_V55_v9,V55,9,Attention to unspecified artificial opening,ICD_Category
icd_280_v9,280,9,Other specified iron deficiency anemias,ICD_Category
icd_514_v9,514,9,Pulmonary congestion and hypostasis,ICD_Category
icd_412_v9,412,9,Old myocardial infarction,ICD_Category
icd_813_v9,813,9,Open fracture of lower end of radius with ulna,ICD_Category
icd_368_v9,368,9,Fusion with defective stereopsis,ICD_Category
icd_587_v9,587,9,"Renal sclerosis, unspecified",ICD_Category
icd_578_v9,578,9,Blood in stool,ICD_Category
icd_793_v9,793,9,Other nonspecific abnormal finding of lung field,ICD_Category
icd_C7B_v10,C7B,10,Secondary neuroendocrine tumors,ICD_Category
icd_Z99_v10,Z99,10,"Dependence on enabling machines and devices, not elsewhere classified",ICD_Category
icd_Z51_v10,Z51,10,Encounter for other aftercare and medical care,ICD_Category
icd_J91_v10,J91,10,Pleural effusion in conditions classified elsewhere,ICD_Category
icd_E88_v10,E88,10,Other and unspecified metabolic disorders,ICD_Category
icd_R41_v10,R41,10,Other symptoms and signs involving cognitive functions and awareness,ICD_Category
icd_F43_v10,F43,10,"Reaction to severe stress, and adjustment disorders",ICD_Category
icd_C7A_v10,C7A,10,Malignant neuroendocrine tumors,ICD_Category
icd_440_v9,440,9,Other atherosclerosis of native arteries of the extremities,ICD_Category
icd_R31_v10,R31,10,Hematuria,ICD_Category
icd_A04_v10,A04,10,Other bacterial intestinal infections,ICD_Category
icd_X58_v10,X58,10,Exposure to other specified factors,ICD_Category
icd_S37_v10,S37,10,Injury of urinary and pelvic organs,ICD_Category
icd_T45_v10,T45,10,"Poisoning by, adverse effect of and underdosing of primarily systemic and hematological agents, not elsewhere classified",ICD_Category
icd_K29_v10,K29,10,Gastritis and duodenitis,ICD_Category
icd_255_v9,255,9,Other secondary aldosteronism,ICD_Category
icd_782_v9,782,9,"Localized superficial swelling, mass, or lump",ICD_Category
icd_537_v9,537,9,Fistula of stomach or duodenum,ICD_Category
icd_V72_v9,V72,9,"Laboratory examination, unspecified",ICD_Category
icd_V66_v9,V66,9,Convalescence following radiotherapy,ICD_Category
icd_728_v9,728,9,"Calcification and ossification, unspecified",ICD_Category
icd_791_v9,791,9,Myoglobinuria,ICD_Category
icd_D86_v10,D86,10,Sarcoidosis,ICD_Category
icd_T85_v10,T85,10,"Complications of other internal prosthetic devices, implants and grafts",ICD_Category
icd_J15_v10,J15,10,"Bacterial pneumonia, not elsewhere classified",ICD_Category
icd_Z00_v10,Z00,10,"Encounter for general examination without complaint, suspected or reported diagnosis",ICD_Category
icd_T38_v10,T38,10,"Poisoning by, adverse effect of and underdosing of hormones and their synthetic substitutes and antagonists, not elsewhere classified",ICD_Category
icd_E10_v10,E10,10,Type 1 diabetes mellitus,ICD_Category
icd_357_v9,357,9,Polyneuropathy in diabetes,ICD_Category
icd_598_v9,598,9,"Urethral stricture, unspecified",ICD_Category
icd_416_v9,416,9,Chronic pulmonary embolism,ICD_Category
icd_752_v9,752,9,Longitudinal vaginal septum,ICD_Category
icd_349_v9,349,9,Other specified disorders of nervous system,ICD_Category
icd_202_v9,202,9,"Sezary's disease, intra-abdominal lymph nodes",ICD_Category
icd_154_v9,154,9,"Malignant neoplasm of anus, unspecified site",ICD_Category
icd_730_v9,730,9,"Periostitis, without mention of osteomyelitis, shoulder region",ICD_Category
icd_V44_v9,V44,9,Colostomy status,ICD_Category
icd_437_v9,437,9,Nonpyogenic thrombosis of intracranial venous sinus,ICD_Category
icd_V04_v9,V04,9,Need for prophylactic vaccination and inoculation against respiratory syncytial virus (RSV),ICD_Category
icd_430_v9,430,9,Subarachnoid hemorrhage,ICD_Category
icd_198_v9,198,9,Secondary malignant neoplasm of kidney,ICD_Category
icd_707_v9,707,9,Ulcer of ankle,ICD_Category
icd_464_v9,464,9,Acute tracheitis without mention of obstruction,ICD_Category
icd_199_v9,199,9,Malignant neoplasm associated with transplant organ,ICD_Category
icd_275_v9,275,9,Disorders of iron metabolism,ICD_Category
icd_721_v9,721,9,Kissing spine,ICD_Category
icd_365_v9,365,9,Glaucoma associated with ocular inflammations,ICD_Category
icd_722_v9,722,9,Displacement of cervical intervertebral disc without myelopathy,ICD_Category
icd_266_v9,266,9,Ariboflavinosis,ICD_Category
icd_592_v9,592,9,Calculus of kidney,ICD_Category
icd_E94_v9,E94,9,"Anti-infectives and other drugs and preparations for ear, nose, and throat causing adverse effects in therapeutic use",ICD_Category
icd_Z92_v10,Z92,10,Personal history of medical treatment,ICD_Category
icd_I13_v10,I13,10,Hypertensive heart and chronic kidney disease,ICD_Category
icd_W19_v10,W19,10,Unspecified fall,ICD_Category
icd_R40_v10,R40,10,"Somnolence, stupor and coma",ICD_Category
icd_S06_v10,S06,10,Intracranial injury,ICD_Category
icd_N20_v10,N20,10,Calculus of kidney and ureter,ICD_Category
icd_Z76_v10,Z76,10,Persons encountering health services in other circumstances,ICD_Category
icd_M25_v10,M25,10,"Other joint disorder, not elsewhere classified",ICD_Category
icd_M54_v10,M54,10,Dorsalgia,ICD_Category
icd_I35_v10,I35,10,Nonrheumatic aortic valve disorders,ICD_Category
icd_G89_v10,G89,10,"Pain, not elsewhere classified",ICD_Category
icd_I34_v10,I34,10,Nonrheumatic mitral valve disorders,ICD_Category
icd_I24_v10,I24,10,Other acute ischemic heart diseases,ICD_Category
icd_R78_v10,R78,10,"Findings of drugs and other substances, not normally found in blood",ICD_Category
icd_R74_v10,R74,10,Abnormal serum enzyme levels,ICD_Category
icd_I44_v10,I44,10,Atrioventricular and left bundle-branch block,ICD_Category
icd_Z45_v10,Z45,10,Encounter for adjustment and management of implanted device,ICD_Category
icd_I46_v10,I46,10,Cardiac arrest,ICD_Category
icd_M79_v10,M79,10,"Other and unspecified soft tissue disorders, not elsewhere classified",ICD_Category
icd_I08_v10,I08,10,Multiple valve diseases,ICD_Category
icd_R33_v10,R33,10,Retention of urine,ICD_Category
icd_T17_v10,T17,10,Foreign body in respiratory tract,ICD_Category
icd_M47_v10,M47,10,Spondylosis,ICD_Category
icd_M96_v10,M96,10,"Intraoperative and postprocedural complications and disorders of musculoskeletal system, not elsewhere classified",ICD_Category
icd_L03_v10,L03,10,Cellulitis and acute lymphangitis,ICD_Category
icd_K70_v10,K70,10,Alcoholic liver disease,ICD_Category
icd_Z72_v10,Z72,10,Problems related to lifestyle,ICD_Category
icd_A08_v10,A08,10,Viral and other specified intestinal infections,ICD_Category
icd_I81_v10,I81,10,Portal vein thrombosis,ICD_Category
icd_K44_v10,K44,10,Diaphragmatic hernia,ICD_Category
icd_Z53_v10,Z53,10,"Persons encountering health services for specific procedures and treatment, not carried out",ICD_Category
icd_I85_v10,I85,10,Esophageal varices,ICD_Category
icd_B18_v10,B18,10,Chronic viral hepatitis,ICD_Category
icd_K26_v10,K26,10,Duodenal ulcer,ICD_Category
icd_K20_v10,K20,10,Esophagitis,ICD_Category
icd_K25_v10,K25,10,Gastric ulcer,ICD_Category
icd_K31_v10,K31,10,Other diseases of stomach and duodenum,ICD_Category
icd_R10_v10,R10,10,Abdominal and pelvic pain,ICD_Category
icd_B19_v10,B19,10,Unspecified viral hepatitis,ICD_Category
icd_568_v9,568,9,Peritoneal adhesions (postoperative) (postinfection),ICD_Category
icd_863_v9,863,9,"Injury to pancreas, multiple and unspecified sites, without mention of open wound into cavity",ICD_Category
icd_E86_v9,E86,9,Accidental poisoning by other and unspecified ethyl alcohol and its products,ICD_Category
icd_V14_v9,V14,9,Personal history of allergy to penicillin,ICD_Category
icd_864_v9,864,9,Other injury to liver without mention of open wound into cavity,ICD_Category
icd_868_v9,868,9,"Injury to other intra-abdominal organs without mention of open wound into cavity, adrenal gland",ICD_Category
icd_861_v9,861,9,Unspecified injury of lung without mention of open wound into thorax,ICD_Category
icd_839_v9,839,9,"Open dislocation, multiple cervical vertebrae",ICD_Category
icd_692_v9,692,9,Contact dermatitis and other eczema due to other specified agents,ICD_Category
icd_608_v9,608,9,Seminal vesiculitis,ICD_Category
icd_958_v9,958,9,Traumatic compartment syndrome of lower extremity,ICD_Category
icd_577_v9,577,9,Chronic pancreatitis,ICD_Category
icd_D32_v10,D32,10,Benign neoplasm of meninges,ICD_Category
icd_L97_v10,L97,10,"Non-pressure chronic ulcer of lower limb, not elsewhere classified",ICD_Category
icd_R48_v10,R48,10,"Dyslexia and other symbolic dysfunctions, not elsewhere classified",ICD_Category
icd_M86_v10,M86,10,Osteomyelitis,ICD_Category
icd_D50_v10,D50,10,Iron deficiency anemia,ICD_Category
icd_Z89_v10,Z89,10,Acquired absence of limb,ICD_Category
icd_M72_v10,M72,10,Fibroblastic disorders,ICD_Category
icd_T82_v10,T82,10,"Complications of cardiac and vascular prosthetic devices, implants and grafts",ICD_Category
icd_R22_v10,R22,10,"Localized swelling, mass and lump of skin and subcutaneous tissue",ICD_Category
icd_R20_v10,R20,10,Disturbances of skin sensation,ICD_Category
icd_731_v9,731,9,Osteitis deformans without mention of bone tumor,ICD_Category
icd_V18_v9,V18,9,Family history of other genitourinary diseases,ICD_Category
icd_S72_v10,S72,10,Fracture of femur,ICD_Category
icd_W01_v10,W01,10,"Fall on same level from slipping, tripping and stumbling",ICD_Category
icd_I33_v10,I33,10,Acute and subacute endocarditis,ICD_Category
icd_L85_v10,L85,10,Other epidermal thickening,ICD_Category
icd_K59_v10,K59,10,Other functional intestinal disorders,ICD_Category
icd_B35_v10,B35,10,Dermatophytosis,ICD_Category
icd_R50_v10,R50,10,Fever of other and unknown origin,ICD_Category
icd_A40_v10,A40,10,Streptococcal sepsis,ICD_Category
icd_R19_v10,R19,10,Other symptoms and signs involving the digestive system and abdomen,ICD_Category
icd_E83_v10,E83,10,Disorders of mineral metabolism,ICD_Category
icd_Y71_v10,Y71,10,Cardiovascular devices associated with adverse incidents,ICD_Category
icd_L28_v10,L28,10,Lichen simplex chronicus and prurigo,ICD_Category
icd_327_v9,327,9,Recurrent hypersomnia,ICD_Category
icd_574_v9,574,9,"Calculus of gallbladder without mention of cholecystitis, with obstruction",ICD_Category
icd_295_v9,295,9,"Disorganized type schizophrenia, chronic",ICD_Category
icd_296_v9,296,9,"Manic affective disorder, recurrent episode, severe, specified as with psychotic behavior",ICD_Category
icd_753_v9,753,9,Unspecified obstructive defect of renal pelvis and ureter,ICD_Category
icd_E91_v9,E91,9,Accidental drowning and submersion while water-skiing,ICD_Category
icd_933_v9,933,9,Foreign body in pharynx,ICD_Category
icd_241_v9,241,9,Unspecified nontoxic nodular goiter,ICD_Category
icd_155_v9,155,9,"Malignant neoplasm of liver, not specified as primary or secondary",ICD_Category
icd_704_v9,704,9,Hirsutism,ICD_Category
icd_C62_v10,C62,10,Malignant neoplasm of testis,ICD_Category
icd_F32_v10,F32,10,"Major depressive disorder, single episode",ICD_Category
icd_H40_v10,H40,10,Glaucoma,ICD_Category
icd_C91_v10,C91,10,Lymphoid leukemia,ICD_Category
icd_B34_v10,B34,10,Viral infection of unspecified site,ICD_Category
icd_Z98_v10,Z98,10,Other postprocedural states,ICD_Category
icd_I11_v10,I11,10,Hypertensive heart disease,ICD_Category
icd_F25_v10,F25,10,Schizoaffective disorders,ICD_Category
icd_I31_v10,I31,10,Other diseases of pericardium,ICD_Category
icd_J20_v10,J20,10,Acute bronchitis,ICD_Category
icd_E22_v10,E22,10,Hyperfunction of pituitary gland,ICD_Category
icd_I69_v10,I69,10,Sequelae of cerebrovascular disease,ICD_Category
icd_B37_v10,B37,10,Candidiasis,ICD_Category
icd_F44_v10,F44,10,Dissociative and conversion disorders,ICD_Category
icd_T50_v10,T50,10,"Poisoning by, adverse effect of and underdosing of diuretics and other and unspecified drugs, medicaments and biological substances",ICD_Category
icd_Z90_v10,Z90,10,"Acquired absence of organs, not elsewhere classified",ICD_Category
icd_M19_v10,M19,10,Other and unspecified osteoarthritis,ICD_Category
icd_M10_v10,M10,10,Gout,ICD_Category
icd_M53_v10,M53,10,"Other and unspecified dorsopathies, not elsewhere classified",ICD_Category
icd_R51_v10,R51,10,Headache,ICD_Category
icd_R56_v10,R56,10,"Convulsions, not elsewhere classified",ICD_Category
icd_R61_v10,R61,10,Generalized hyperhidrosis,ICD_Category
icd_R63_v10,R63,10,Symptoms and signs concerning food and fluid intake,ICD_Category
icd_F09_v10,F09,10,Unspecified mental disorder due to known physiological condition,ICD_Category
icd_I49_v10,I49,10,Other cardiac arrhythmias,ICD_Category
icd_L29_v10,L29,10,Pruritus,ICD_Category
icd_H53_v10,H53,10,Visual disturbances,ICD_Category
icd_H81_v10,H81,10,Disorders of vestibular function,ICD_Category
icd_F05_v10,F05,10,Delirium due to known physiological condition,ICD_Category
icd_M16_v10,M16,10,Osteoarthritis of hip,ICD_Category
icd_R79_v10,R79,10,Other abnormal findings of blood chemistry,ICD_Category
icd_N14_v10,N14,10,Drug- and heavy-metal-induced tubulo-interstitial and tubular conditions,ICD_Category
icd_K28_v10,K28,10,Gastrojejunal ulcer,ICD_Category
icd_R53_v10,R53,10,Malaise and fatigue,ICD_Category
icd_K95_v10,K95,10,Complications of bariatric procedures,ICD_Category
icd_F33_v10,F33,10,"Major depressive disorder, recurrent",ICD_Category
icd_T40_v10,T40,10,"Poisoning by, adverse effect of and underdosing of narcotics and psychodysleptics [hallucinogens]",ICD_Category
icd_M70_v10,M70,10,"Soft tissue disorders related to use, overuse and pressure",ICD_Category
icd_F03_v10,F03,10,Unspecified dementia,ICD_Category
icd_K63_v10,K63,10,Other diseases of intestine,ICD_Category
icd_K62_v10,K62,10,Other diseases of anus and rectum,ICD_Category
icd_G62_v10,G62,10,Other and unspecified polyneuropathies,ICD_Category
icd_E08_v10,E08,10,Diabetes mellitus due to underlying condition,ICD_Category
icd_G81_v10,G81,10,Hemiplegia and hemiparesis,ICD_Category
icd_R60_v10,R60,10,"Edema, not elsewhere classified",ICD_Category
icd_M71_v10,M71,10,Other bursopathies,ICD_Category
icd_G31_v10,G31,10,"Other degenerative diseases of nervous system, not elsewhere classified",ICD_Category
icd_M94_v10,M94,10,Other disorders of cartilage,ICD_Category
icd_E46_v10,E46,10,Unspecified protein-calorie malnutrition,ICD_Category
icd_K85_v10,K85,10,Acute pancreatitis,ICD_Category
icd_E51_v10,E51,10,Thiamine deficiency,ICD_Category
icd_R64_v10,R64,10,Cachexia,ICD_Category
icd_Y82_v10,Y82,10,Other and unspecified medical devices associated with adverse incidents,ICD_Category
icd_E59_v10,E59,10,Dietary selenium deficiency,ICD_Category
icd_R34_v10,R34,10,Anuria and oliguria,ICD_Category
icd_D12_v10,D12,10,"Benign neoplasm of colon, rectum, anus and anal canal",ICD_Category
icd_D61_v10,D61,10,Other aplastic anemias and other bone marrow failure syndromes,ICD_Category
icd_J69_v10,J69,10,Pneumonitis due to solids and liquids,ICD_Category
icd_K57_v10,K57,10,Diverticular disease of intestine,ICD_Category
icd_I51_v10,I51,10,Complications and ill-defined descriptions of heart disease,ICD_Category
icd_R68_v10,R68,10,Other general symptoms and signs,ICD_Category
icd_E60_v10,E60,10,Dietary zinc deficiency,ICD_Category
icd_265_v9,265,9,Other and unspecified manifestations of thiamine deficiency,ICD_Category
icd_K92_v10,K92,10,Other diseases of digestive system,ICD_Category
icd_S00_v10,S00,10,Superficial injury of head,ICD_Category
icd_W10_v10,W10,10,Fall on and from stairs and steps,ICD_Category
icd_S20_v10,S20,10,Superficial injury of thorax,ICD_Category
icd_S40_v10,S40,10,Superficial injury of shoulder and upper arm,ICD_Category
icd_S80_v10,S80,10,Superficial injury of knee and lower leg,ICD_Category
icd_T47_v10,T47,10,"Poisoning by, adverse effect of and underdosing of agents primarily affecting the gastrointestinal system",ICD_Category
icd_D53_v10,D53,10,Other nutritional anemias,ICD_Category
icd_R30_v10,R30,10,Pain associated with micturition,ICD_Category
icd_K86_v10,K86,10,Other diseases of pancreas,ICD_Category
icd_N28_v10,N28,10,"Other disorders of kidney and ureter, not elsewhere classified",ICD_Category
icd_V08_v9,V08,9,Asymptomatic human immunodeficiency virus [HIV] infection status,ICD_Category
icd_V46_v9,V46,9,Encounter for weaning from respirator [ventilator],ICD_Category
icd_298_v9,298,9,Depressive type psychosis,ICD_Category
icd_726_v9,726,9,"Disorders of bursae and tendons in shoulder region, unspecified",ICD_Category
icd_K35_v10,K35,10,Acute appendicitis,ICD_Category
icd_Z80_v10,Z80,10,Family history of primary malignant neoplasm,ICD_Category
icd_C02_v10,C02,10,Malignant neoplasm of other and unspecified parts of tongue,ICD_Category
icd_627_v9,627,9,Unspecified menopausal and postmenopausal disorder,ICD_Category
icd_616_v9,616,9,"Other inflammatory disease of cervix, vagina and vulva",ICD_Category
icd_141_v9,141,9,Malignant neoplasm of base of tongue,ICD_Category
icd_962_v9,962,9,Poisoning by thyroid and thyroid derivatives,ICD_Category
icd_E85_v9,E85,9,Accidental poisoning by parasympatholytics [anticholinergics and antimuscarinics] and spasmolytics,ICD_Category
icd_487_v9,487,9,Influenza with pneumonia,ICD_Category
icd_999_v9,999,9,Abo incompatibility reaction,ICD_Category
icd_385_v9,385,9,"Tympanosclerosis involving tympanic membrane, ear ossicles, and middle ear",ICD_Category
icd_380_v9,380,9,Acquired stenosis of external ear canal secondary to surgery,ICD_Category
icd_924_v9,924,9,Contusion of lower leg,ICD_Category
icd_238_v9,238,9,Post-transplant lymphoproliferative disorder (PTLD),ICD_Category
icd_466_v9,466,9,Acute bronchiolitis due to respiratory syncytial virus (RSV),ICD_Category
icd_494_v9,494,9,Bronchiectasis without acute exacerbation,ICD_Category
icd_D89_v10,D89,10,"Other disorders involving the immune mechanism, not elsewhere classified",ICD_Category
icd_B59_v10,B59,10,Pneumocystosis,ICD_Category
icd_H11_v10,H11,10,Other disorders of conjunctiva,ICD_Category
icd_Z94_v10,Z94,10,Transplanted organ and tissue status,ICD_Category
icd_R04_v10,R04,10,Hemorrhage from respiratory passages,ICD_Category
icd_Z78_v10,Z78,10,Other specified health status,ICD_Category
icd_D70_v10,D70,10,Neutropenia,ICD_Category
icd_B44_v10,B44,10,Aspergillosis,ICD_Category
icd_C92_v10,C92,10,Myeloid leukemia,ICD_Category
icd_284_v9,284,9,Pancytopenia,ICD_Category
icd_484_v9,484,9,Pneumonia in whooping cough,ICD_Category
icd_117_v9,117,9,Aspergillosis,ICD_Category
icd_205_v9,205,9,"Chronic myeloid leukemia, in remission",ICD_Category
icd_480_v9,480,9,Pneumonia due to SARS-associated coronavirus,ICD_Category
icd_573_v9,573,9,Hepatitis in viral diseases classified elsewhere,ICD_Category
icd_611_v9,611,9,Breast disorders nec,ICD_Category
icd_339_v9,339,9,"Post-traumatic headache, unspecified",ICD_Category
icd_V42_v9,V42,9,Bone marrow replaced by transplant,ICD_Category
icd_T36_v10,T36,10,"Poisoning by, adverse effect of and underdosing of systemic antibiotics",ICD_Category
icd_G44_v10,G44,10,Other headache syndromes,ICD_Category
icd_Z20_v10,Z20,10,Contact with and (suspected) exposure to communicable diseases,ICD_Category
icd_K52_v10,K52,10,Other and unspecified noninfective gastroenteritis and colitis,ICD_Category
icd_175_v9,175,9,Malignant neoplasm of nipple and areola of male breast,ICD_Category
icd_233_v9,233,9,Carcinoma in situ of other and unspecified male genital organs,ICD_Category
icd_V86_v9,V86,9,Estrogen receptor positive status [ER+],ICD_Category
icd_515_v9,515,9,Postinflammatory pulmonary fibrosis,ICD_Category
icd_916_v9,916,9,"Insect bite, nonvenomous, of hip, thigh, leg, and ankle, without mention of infection",ICD_Category
icd_516_v9,516,9,Acute interstitial pneumonitis,ICD_Category
icd_844_v9,844,9,"Sprain of tibiofibular (joint) (ligament) superior, of knee",ICD_Category
icd_394_v9,394,9,Mitral stenosis,ICD_Category
icd_V88_v9,V88,9,Acquired absence of hip joint,ICD_Category
icd_I73_v10,I73,10,Other peripheral vascular diseases,ICD_Category
icd_N31_v10,N31,10,"Neuromuscular dysfunction of bladder, not elsewhere classified",ICD_Category
icd_C73_v10,C73,10,Malignant neoplasm of thyroid gland,ICD_Category
icd_558_v9,558,9,Allergic gastroenteritis and colitis,ICD_Category
icd_733_v9,733,9,Other bone cyst,ICD_Category
icd_596_v9,596,9,Mechanical complication of cystostomy,ICD_Category
icd_J39_v10,J39,10,Other diseases of upper respiratory tract,ICD_Category
icd_K80_v10,K80,10,Cholelithiasis,ICD_Category
icd_E04_v10,E04,10,Other nontoxic goiter,ICD_Category
icd_E05_v10,E05,10,Thyrotoxicosis [hyperthyroidism],ICD_Category
icd_N40_v10,N40,10,Benign prostatic hyperplasia,ICD_Category
icd_H35_v10,H35,10,Other retinal disorders,ICD_Category
icd_Q64_v10,Q64,10,Other congenital malformations of urinary system,ICD_Category
icd_T37_v10,T37,10,"Poisoning by, adverse effect of and underdosing of other systemic anti-infectives and antiparasitics",ICD_Category
icd_I72_v10,I72,10,Other aneurysm,ICD_Category
icd_L72_v10,L72,10,Follicular cysts of skin and subcutaneous tissue,ICD_Category
icd_R39_v10,R39,10,Other and unspecified symptoms and signs involving the genitourinary system,ICD_Category
icd_C94_v10,C94,10,Other leukemias of specified cell type,ICD_Category
icd_C95_v10,C95,10,Leukemia of unspecified cell type,ICD_Category
icd_R82_v10,R82,10,Other and unspecified abnormal findings in urine,ICD_Category
icd_D59_v10,D59,10,Acquired hemolytic anemia,ICD_Category
icd_D46_v10,D46,10,Myelodysplastic syndromes,ICD_Category
icd_E79_v10,E79,10,Disorders of purine and pyrimidine metabolism,ICD_Category
icd_620_v9,620,9,Follicular cyst of ovary,ICD_Category
icd_492_v9,492,9,Emphysematous bleb,ICD_Category
icd_M35_v10,M35,10,Other systemic involvement of connective tissue,ICD_Category
icd_D73_v10,D73,10,Diseases of spleen,ICD_Category
icd_R16_v10,R16,10,"Hepatomegaly and splenomegaly, not elsewhere classified",ICD_Category
icd_J60_v10,J60,10,Coalworker's pneumoconiosis,ICD_Category
icd_B00_v10,B00,10,Herpesviral [herpes simplex] infections,ICD_Category
icd_Z16_v10,Z16,10,Resistance to antimicrobial drugs,ICD_Category
icd_L27_v10,L27,10,Dermatitis due to substances taken internally,ICD_Category
icd_I63_v10,I63,10,Cerebral infarction,ICD_Category
icd_R26_v10,R26,10,Abnormalities of gait and mobility,ICD_Category
icd_D72_v10,D72,10,Other disorders of white blood cells,ICD_Category
icd_F30_v10,F30,10,Manic episode,ICD_Category
icd_R12_v10,R12,10,Heartburn,ICD_Category
icd_R13_v10,R13,10,Aphagia and dysphagia,ICD_Category
icd_C34_v10,C34,10,Malignant neoplasm of bronchus and lung,ICD_Category
icd_157_v9,157,9,Malignant neoplasm of pancreatic duct,ICD_Category
icd_447_v9,447,9,Thoracoabdominal aortic ectasia,ICD_Category
icd_C21_v10,C21,10,Malignant neoplasm of anus and anal canal,ICD_Category
icd_T83_v10,T83,10,"Complications of genitourinary prosthetic devices, implants and grafts",ICD_Category
icd_C78_v10,C78,10,Secondary malignant neoplasm of respiratory and digestive organs,ICD_Category
icd_Z43_v10,Z43,10,Encounter for attention to artificial openings,ICD_Category
icd_Q62_v10,Q62,10,Congenital obstructive defects of renal pelvis and congenital malformations of ureter,ICD_Category
icd_N12_v10,N12,10,"Tubulo-interstitial nephritis, not specified as acute or chronic",ICD_Category
icd_816_v9,816,9,"Closed fracture of phalanx or phalanges of hand, unspecified",ICD_Category
icd_453_v9,453,9,Other venous embolism and thrombosis of renal vein,ICD_Category
icd_T43_v10,T43,10,"Poisoning by, adverse effect of and underdosing of psychotropic drugs, not elsewhere classified",ICD_Category
icd_I42_v10,I42,10,Cardiomyopathy,ICD_Category
icd_F20_v10,F20,10,Schizophrenia,ICD_Category
icd_I07_v10,I07,10,Rheumatic tricuspid valve diseases,ICD_Category
icd_R11_v10,R11,10,Nausea and vomiting,ICD_Category
icd_V53_v9,V53,9,Fitting and adjustment of neuropacemaker (brain) (peripheral nerve) (spinal cord),ICD_Category
icd_404_v9,404,9,"Hypertensive heart and chronic kidney disease, unspecified, without heart failure and with chronic kidney disease stage I through stage IV, or unspecified",ICD_Category
icd_397_v9,397,9,Rheumatic diseases of pulmonary valve,ICD_Category
icd_E80_v10,E80,10,Disorders of porphyrin and bilirubin metabolism,ICD_Category
icd_I36_v10,I36,10,Nonrheumatic tricuspid valve disorders,ICD_Category
icd_923_v9,923,9,Contusion of elbow,ICD_Category
icd_E90_v9,E90,9,"Sting of hornets, wasps, and bees causing poisoning and toxic reactions",ICD_Category
icd_174_v9,174,9,Malignant neoplasm of nipple and areola of female breast,ICD_Category
icd_L05_v10,L05,10,Pilonidal cyst and sinus,ICD_Category
icd_G92_v10,G92,10,Toxic encephalopathy,ICD_Category
icd_433_v9,433,9,Occlusion and stenosis of carotid artery without mention of cerebral infarction,ICD_Category
icd_434_v9,434,9,"Cerebral artery occlusion, unspecified without mention of cerebral infarction",ICD_Category
icd_820_v9,820,9,Closed fracture of epiphysis (separation) (upper) of neck of femur,ICD_Category
icd_V09_v9,V09,9,Infection with microorganisms without mention of resistance to multiple quinolones and fluroquinolones,ICD_Category
icd_555_v9,555,9,Regional enteritis of small intestine,ICD_Category
icd_S82_v10,S82,10,"Fracture of lower leg, including ankle",ICD_Category
icd_H54_v10,H54,10,Blindness and low vision,ICD_Category
icd_R21_v10,R21,10,Rash and other nonspecific skin eruption,ICD_Category
icd_I70_v10,I70,10,Atherosclerosis,ICD_Category
icd_L89_v10,L89,10,Pressure ulcer,ICD_Category
icd_R15_v10,R15,10,Fecal incontinence,ICD_Category
icd_H34_v10,H34,10,Retinal vascular occlusions,ICD_Category
icd_G43_v10,G43,10,Migraine,ICD_Category
icd_R91_v10,R91,10,Abnormal findings on diagnostic imaging of lung,ICD_Category
icd_E27_v10,E27,10,Other disorders of adrenal gland,ICD_Category
icd_W20_v10,W20,10,"Struck by thrown, projected or falling object",ICD_Category
icd_S90_v10,S90,10,"Superficial injury of ankle, foot and toes",ICD_Category
icd_I77_v10,I77,10,Other disorders of arteries and arterioles,ICD_Category
icd_V01_v9,V01,9,Contact with or exposure to other viral diseases,ICD_Category
icd_T46_v10,T46,10,"Poisoning by, adverse effect of and underdosing of agents primarily affecting the cardiovascular system",ICD_Category
icd_301_v9,301,9,Other histrionic personality disorder,ICD_Category
icd_G12_v10,G12,10,Spinal muscular atrophy and related syndromes,ICD_Category
icd_N10_v10,N10,10,Acute pyelonephritis,ICD_Category
icd_Z46_v10,Z46,10,Encounter for fitting and adjustment of other devices,ICD_Category
icd_I65_v10,I65,10,"Occlusion and stenosis of precerebral arteries, not resulting in cerebral infarction",ICD_Category
icd_201_v9,201,9,"Hodgkin's disease, lymphocytic-histiocytic predominance, lymph nodes of multiple sites",ICD_Category
icd_396_v9,396,9,Mitral valve stenosis and aortic valve insufficiency,ICD_Category
icd_F28_v10,F28,10,Other psychotic disorder not due to a substance or known physiological condition,ICD_Category
icd_F31_v10,F31,10,Bipolar disorder,ICD_Category
icd_K04_v10,K04,10,Diseases of pulp and periapical tissues,ICD_Category
icd_F50_v10,F50,10,Eating disorders,ICD_Category
icd_F51_v10,F51,10,Sleep disorders not due to a substance or known physiological condition,ICD_Category
icd_F12_v10,F12,10,Cannabis related disorders,ICD_Category
icd_T42_v10,T42,10,"Poisoning by, adverse effect of and underdosing of antiepileptic, sedative- hypnotic and antiparkinsonism drugs",ICD_Category
icd_R49_v10,R49,10,Voice and resonance disorders,ICD_Category
icd_I45_v10,I45,10,Other conduction disorders,ICD_Category
icd_F60_v10,F60,10,Specific personality disorders,ICD_Category
icd_J30_v10,J30,10,Vasomotor and allergic rhinitis,ICD_Category
icd_L57_v10,L57,10,Skin changes due to chronic exposure to nonionizing radiation,ICD_Category
icd_L40_v10,L40,10,Psoriasis,ICD_Category
icd_M81_v10,M81,10,Osteoporosis without current pathological fracture,ICD_Category
icd_H26_v10,H26,10,Other cataract,ICD_Category
icd_H61_v10,H61,10,Other disorders of external ear,ICD_Category
icd_S42_v10,S42,10,Fracture of shoulder and upper arm,ICD_Category
icd_R45_v10,R45,10,Symptoms and signs involving emotional state,ICD_Category
icd_B20_v10,B20,10,Human immunodeficiency virus [HIV] disease,ICD_Category
icd_S09_v10,S09,10,Other and unspecified injuries of head,ICD_Category
icd_E16_v10,E16,10,Other disorders of pancreatic internal secretion,ICD_Category
icd_V62_v9,V62,9,Homicidal ideation,ICD_Category
icd_355_v9,355,9,"Mononeuritis of lower limb, unspecified",ICD_Category
icd_V60_v9,V60,9,Holiday relief care,ICD_Category
icd_F14_v10,F14,10,Cocaine related disorders,ICD_Category
icd_F19_v10,F19,10,Other psychoactive substance related disorders,ICD_Category
icd_292_v9,292,9,Drug-induced persisting dementia,ICD_Category
icd_625_v9,625,9,Premenstrual tension syndromes,ICD_Category
icd_379_v9,379,9,Congenital nystagmus,ICD_Category
icd_251_v9,251,9,Hypoglycemic coma,ICD_Category
icd_F29_v10,F29,10,Unspecified psychosis not due to a substance or known physiological condition,ICD_Category
icd_Z21_v10,Z21,10,Asymptomatic human immunodeficiency virus [HIV] infection status,ICD_Category
icd_F11_v10,F11,10,Opioid related disorders,ICD_Category
icd_249_v9,249,9,"Secondary diabetes mellitus with other coma, uncontrolled",ICD_Category
icd_693_v9,693,9,Dermatitis due to other specified substances taken internally,ICD_Category
icd_V49_v10,V49,10,Car occupant injured in other and unspecified transport accidents,ICD_Category
icd_M40_v10,M40,10,Kyphosis and lordosis,ICD_Category
icd_V27_v10,V27,10,Motorcycle rider injured in collision with fixed or stationary object,ICD_Category
icd_S27_v10,S27,10,Injury of other and unspecified intrathoracic organs,ICD_Category
icd_S12_v10,S12,10,Fracture of cervical vertebra and other parts of neck,ICD_Category
icd_S24_v10,S24,10,Injury of nerves and spinal cord at thorax level,ICD_Category
icd_S32_v10,S32,10,Fracture of lumbar spine and pelvis,ICD_Category
icd_V86_v10,V86,10,"Occupant of special all-terrain or other off-road motor vehicle, injured in transport accident",ICD_Category
icd_710_v9,710,9,Dermatomyositis,ICD_Category
icd_S79_v10,S79,10,Other and unspecified injuries of hip and thigh,ICD_Category
icd_H04_v10,H04,10,Disorders of lacrimal system,ICD_Category
icd_M50_v10,M50,10,Cervical disc disorders,ICD_Category
icd_S49_v10,S49,10,Other and unspecified injuries of shoulder and upper arm,ICD_Category
icd_M80_v10,M80,10,Osteoporosis with current pathological fracture,ICD_Category
icd_246_v9,246,9,Unspecified disorder of thyroid,ICD_Category
icd_473_v9,473,9,Chronic maxillary sinusitis,ICD_Category
icd_580_v9,580,9,Acute glomerulonephritis with lesion of rapidly progressive glomerulonephritis,ICD_Category
icd_582_v9,582,9,Chronic glomerulonephritis with lesion of proliferative glomerulonephritis,ICD_Category
icd_342_v9,342,9,Other specified hemiplegia and hemiparesis affecting nondominant side,ICD_Category
icd_312_v9,312,9,"Undersocialized conduct disorder, unaggressive type, unspecified",ICD_Category
